特征,Information Value,系数绝对值
近两年逾期次数,0.1909,0.7216828500750122
信用额度使用率,0.1588,0.8984190783694807
债务收入比,0.1468,0.8988694456757196
近六个月查询次数,0.1229,0.6299809520385672
贷款收入比,0.05750000000000001,0.7369708042967663
住房状态,0.0285,1.0578198612123892
贷款用途,0.0275,0.8853575032623158
年收入,0.023900000000000005,0.7573508451993278
年龄,0.023899999999999998,0.7437267961067475
工作年限,0.0236,0.6443514129209456
贷款金额,0.009999999999999998,0.5115997339620971
教育水平,0.0021999999999999997,1.0559472242310508
