{
  "train": {
    "auc": 0.7183898880020004,
    "gini": 0.43677977600400086,
    "ks": 0.32089837230428797,
    "mean_score": 659.1442857142857,
    "bad_rate": 0.28485714285714286
  },
  "test": {
    "auc": 0.7067898678337284,
    "gini": 0.41357973566745687,
    "ks": 0.3143046449993026,
    "mean_score": 659.1913333333333,
    "bad_rate": 0.2853333333333333
  },
  "psi": 0.01428299501699527,
  "n_rows": 5000,
  "train_rows": 3500,
  "test_rows": 1500
}